{
  "eval_loss": 1.1546000190909824,
  "accuracy": 0.8086890243902439,
  "precision": 0.8144481496610573,
  "recall": 0.8086890243902439,
  "f1": 0.8074291337829593,
  "per_class_metrics": {
    "studio": {
      "precision": 0.6734,
      "recall": 0.8749,
      "f1": 0.761
    },
    "indoor": {
      "precision": 0.7988,
      "recall": 0.6451,
      "f1": 0.7138
    },
    "outdoor": {
      "precision": 0.8307,
      "recall": 0.8648,
      "f1": 0.8474
    },
    "p\u0159ed\u011bl": {
      "precision": 0.8095,
      "recall": 0.7113,
      "f1": 0.7572
    },
    "reklama": {
      "precision": 0.9334,
      "recall": 0.8849,
      "f1": 0.9085
    },
    "upout\u00e1vka": {
      "precision": 0.7555,
      "recall": 0.7921,
      "f1": 0.7734
    },
    "grafika": {
      "precision": 0.7368,
      "recall": 0.713,
      "f1": 0.7247
    },
    "z\u00e1bava": {
      "precision": 0.8764,
      "recall": 0.8906,
      "f1": 0.8835
    }
  },
  "per_class_accuracy": {
    "studio": 0.8749,
    "indoor": 0.6451,
    "outdoor": 0.8648,
    "p\u0159ed\u011bl": 0.7113,
    "reklama": 0.8849,
    "upout\u00e1vka": 0.7921,
    "grafika": 0.713,
    "z\u00e1bava": 0.8906
  }
}